,predicted battle_case,predicted no battle_case
actual battle_case,0.9667093469910372,0.08496732026143791
actual no battle_case,0.056338028169014086,0.8562091503267973
